City,Latitude,Longitude
Tokyo,35.6897,139.6922
Tianjin,39.1467,117.2056
Shangrao,28.4419,117.9633
Yongzhou,26.4515,111.5953
Hengshui,37.7348,115.686
Harbin,45.75,126.6333
Suining,30.5098,105.5737
Salvador,-12.9747,-38.4767
Sanming,26.2658,117.6302
Depok,-6.394,106.8225
Hezhou,24.4164,111.5478
Warsaw,52.23,21.0111
Conakry,9.5092,-13.7122
Jianguang,28.1958,115.7833
Wuzhong,37.9874,106.1919
Rosario,-32.9575,-60.6394
Zhangye,38.9355,100.4553
Ciudad Nezahualcóyotl,19.4081,-99.0186
Edmonton,53.5344,-113.4903
Arequipa,-16.4,-71.5333
Valletta,35.8983,14.5125
Gitega,-3.4283,29.925
Marigot,18.0706,-63.0847
Luocheng,22.7645,111.5745
New Orleans,30.0687,-89.9288
Klang,3.0333,101.45
Honolulu,21.3294,-157.846
Hempstead,40.6629,-73.6089
Changhua,24.0667,120.5333
Concepción,-36.8282,-73.0514
Guadalupe,25.6775,-100.2597
Narela,28.8527,77.0929
Brahmapur,19.315,84.7941
Villa Nueva,14.5314,-90.5964
Tumkūr,13.34,77.1
Juiz de Fora,-21.7619,-43.3494
Poznań,52.4083,16.9336
Ardabīl,38.2425,48.29
Carrefour,18.5344,-72.4094
Taozhou,30.8956,119.411
Brookhaven,40.832,-72.9517
Salt Lake City,22.61,88.4
Kota Kinabalu,5.975,116.0725
Sāngli,16.8667,74.5667
Poughkeepsie,41.695,-73.9211
Fangting,31.1282,104.1695
Kissimmee,28.3041,-81.4169
Gwoza,11.0861,13.6914
Usulután,13.35,-88.45
Huichang,34.9136,112.7852
Wudalianchi,48.6433,126.1408
Neiva,2.9345,-75.2809
Greensboro,36.0956,-79.8271
Hangu,39.232,117.777
Debrecen,47.53,21.6392
Uíge,-7.6167,15.05
Trenton,40.2237,-74.7641
Sariwŏn,38.5064,125.7597
Bahía Blanca,-38.7167,-62.2667
Bradford,53.8,-1.75
Sonīpat,28.99,77.022
Myeik,12.4333,98.6
Gyeongsan,35.8167,128.7333
Craiova,44.3333,23.8167
Anantapur,14.68,77.599
Marilao,14.7581,120.9481
Foz do Iguaçu,-25.54,-54.5875
Taganrog,47.2167,38.9167
Khomeynī Shahr,32.7003,51.5211
Mokpo,34.7589,126.38
Halle,51.4828,11.9697
Ibb,13.9759,44.1709
Sơn Tây,21.1333,105.5
Guantánamo,20.1367,-75.2139
Longjin,22.8711,113.0684
Tchaourou,8.8833,2.6
Oviedo,43.36,-5.845
As Samāwah,31.3167,45.2833
Oberhausen,51.4967,6.8706
Ich’ŏn,37.2667,127.4333
Loures,38.8333,-9.1667
Chhindwāra,22.057,78.9396
Isanlu,8.1667,5.8
Higashi-Hiroshima,34.4167,132.7333
Trondheim,63.4297,10.3933
Rājendranagar,17.3198,78.4031
Hagen,51.3667,7.4833
Waco,31.5599,-97.1882
Trảng Bàng,11.033,106.367
Murfreesboro,35.849,-86.4121
Urayasu,35.6539,139.9022
Mauli,30.699,76.693
Syzran,53.1667,48.4667
Kaolack,14.1389,-16.0764
Magwe,4.1333,32.3
Manchester,42.9848,-71.4447
Conjeeveram,12.8308,79.7078
Jizzax,40.1158,67.8422
Ash Shīḩānīyah,25.3722,51.2047
Seixal,38.65,-9.1
Paterson,40.9147,-74.1624
Al Miqdādīyah,33.9786,44.9369
Alagoinhas,-12.1358,-38.4189
Moriguchi,34.7375,135.5642
Pomona,34.0585,-117.7626
Shāhrūd,36.4181,54.9764
Al ‘Aqabah,29.5319,35.0056
Odintsovo,55.6667,37.2667
Ereğli,37.5167,34.05
Kumbakonam,10.9602,79.3845
Inezgane,30.3658,-9.5381
Giá Rai,9.25,105.417
Umtata,-31.58,28.79
Myebon,20.05,93.3667
Mabacun,24.6807,113.5936
Kent,47.3887,-122.2128
Gondiā,21.45,80.2
Batang,-6.9081,109.7304
Vitória de Santo Antão,-8.1264,-35.3075
Koforidua,6.0833,-0.25
Nagda,23.4564,75.4131
Exeter,50.7256,-3.5269
Bonao,18.95,-70.41
Bimbo,4.3313,18.5163
Ise,34.4833,136.7167
Kashiwara,34.5167,135.8
Unwana,5.8625,7.9486
Pleven,43.4078,24.6203
Trento,46.0667,11.1167
Agadez,16.9959,7.9828
Manpo,41.157,126.29
Adjaouèrè,7.0,2.6167
Ariana,36.8625,10.1956
Gresham,45.5021,-122.4413
Euriápolis,-16.3778,-39.58
Shujālpur,23.4,76.72
Terrebonne,45.7,-73.6333
Kiffa,16.63,-11.4
Altamira,-3.2028,-52.2058
Douliu,23.7075,120.5439
Wembley,51.5528,-0.2979
Kishanganj,26.0794,87.9372
Komatsu,36.4083,136.4455
Konotop,51.2369,33.2027
Davie,26.0789,-80.287
Kalyani,22.975,88.4344
Norwalk,33.9069,-118.0829
Wichita Falls,33.9072,-98.5291
Zheleznogorsk,52.3333,35.3667
Kōnan,35.3321,136.8707
Hemel Hempstead,51.7526,-0.4692
Marmagao,15.402,73.8
Monte Chingolo,-34.7333,-58.35
Cadereyta Jiménez,25.6,-100.0
Bismarck,46.8143,-100.7694
Salina Cruz,16.1833,-95.2
Ágios Dimítrios,37.9333,23.7333
Reşiţa,45.3008,21.8892
Ivanteyevka,55.9833,37.9333
Lelystad,52.5,5.4833
Al Muḩarraq,26.25,50.6167
Cheyenne,41.135,-104.7902
Poblacion,10.25,123.95
Thakhèk,17.4,104.8
Pantin,48.8966,2.4017
Fujiidera,34.5667,135.6
Hihyā,30.6687,31.5904
Täby,59.4333,18.0833
Gampaha,7.0917,79.9997
Soroti,1.715,33.6111
Ōsakasayama,34.5,135.55
Madang,-5.2167,145.8
Gardena,33.8943,-118.3072
Azrou,33.4417,-5.2247
Dosso,13.05,3.2
Mafeteng,-29.8167,27.25
Zouerate,22.7333,-12.4667
Amalāpuram,16.5787,82.0061
Korçë,40.6167,20.7667
Aloha,45.492,-122.8725
Whangarei,-35.725,174.3236
Barnet,51.6444,-0.1997
Pākaur,24.63,87.85
Rovenky,48.0833,39.3667
Njombe,-9.3333,34.7667
Middleton,53.555,-2.187
Castleford,53.716,-1.356
Port Loko,8.7667,-12.7875
Kalmar,56.6614,16.3628
Kampong Chhnang,12.25,104.6667
Kampot,10.6,104.1667
Échirolles,45.1436,5.7183
Nallūr,11.1003,77.3914
Houilles,48.9261,2.1892
Āzezo,12.5586,37.4308
Abasolo,20.4511,-101.5289
Attingal,8.68,76.83
Foothill Farms,38.6867,-121.3475
Hyde,53.4474,-2.082
South Miami Heights,25.5886,-80.3862
West Hollywood,34.0883,-118.3719
Elesvaram,17.2833,82.1
Fort Liberté,19.6678,-71.8397
Zhaoyu,37.3512,112.3193
Curridabat,9.916,-84.0348
Harper,4.3667,-7.7167
Bangassou,4.7374,22.8195
Babati,-4.2167,35.75
Nāravārikuppam,13.1913,80.1847
Avellaneda,-34.6625,-58.3678
Kafr Baţnā,33.5,36.3667
Colonia del Sacramento,-34.4714,-57.8442
Coulsdon,51.3211,-0.1386
Clydebank,55.8997,-4.4006
Alençon,48.4306,0.0931
Penarth,51.43,-3.17
Shtime,42.4333,21.0333
Frontera,18.5336,-92.6469
Sélibaby,15.1592,-12.1833
Oak Ridge,28.4727,-81.4169
Penistone,53.525,-1.629
Kānke,23.4348,85.3206
Shārūnah,28.5667,30.85
Carlow,52.8306,-6.9317
Senago,45.5833,9.1333
Nerupperichchal,11.161,77.374
Selby,53.7818,-1.0703
Oulad Fraj,32.9667,-8.2333
Bingley,53.846,-1.836
Tapalpa,19.9445,-103.7585
Four Square Mile,39.6808,-104.888
Harpur,26.4527,86.071
Néa Erythraía,38.0833,23.8167
Zaghouan,36.4,10.15
Kirkland,45.45,-73.8667
Saynshand,44.8917,110.1367
Deysbrook,53.429,-2.934
South Hayling,50.7876,-0.977
Dhūmnagar,26.756,84.5233
Buckley,53.172,-3.086
Singhwara,26.1842,85.7368
Hasanpur Juned,25.5915,85.5238
Enghien-les-Bains,48.9697,2.3081
Wanstead,51.5778,0.0286
Tân Vạn,10.9119,106.8261
Manassas Park,38.7709,-77.4429
Tukums,56.9667,23.15
Vincent,34.0983,-117.9238
Monte di Procida,40.8,14.05
Bijelo Polje,43.04,19.75
Giffnock,55.8051,-4.2946
Chandi,22.3503,88.2828
Calvizzano,40.9,14.1833
Baucau,-8.4667,126.45
Oulad Ayyad,32.3333,-6.3833
Pincourt,45.3833,-73.9833
Saidpur,33.7421,73.0677
Astley,53.5008,-2.4454
Villecresnes,48.7214,2.5342
Bradford-on-Avon,51.347,-2.251
Bothell East,47.8064,-122.1844
Lydney,51.7286,-2.5285
Marquette-lès-Lille,50.6758,3.0661
Tottington,53.613,-2.339
Sohāna,30.6833,76.7
Glenfield,52.6491,-1.2062
Ferney-Voltaire,46.2558,6.1081
Byureghavan,40.3147,44.5936
Sāgarpur,26.2306,86.0732
Rāmpur,25.9256,84.7468
Lansdowne,39.9408,-75.276
West Haverstraw,41.2063,-73.9884
Brookdale,40.8348,-74.1798
West Athens,33.9235,-118.3033
Manatuto,-8.5167,126.0167
Rubirizi,-0.2661,30.1069
Leova,46.4833,28.25
Ros Comáin,53.6333,-8.1833
Mamushë,42.3167,20.7167
Ķekava,56.8333,24.2333
Opovo,45.0519,20.4303
Kaberamaido,1.7667,33.1522
Škofljica,45.9836,14.5761
Ta Khmau,11.4833,104.95
Zhemgang,27.2134,90.655
Žabljak,43.155,19.1208
Isangel,-19.53,169.28
Prokuplje,43.2339,21.5861
Fonadhoo,1.8342,73.5031
Markovci,46.3956,15.9314
Weno,7.45,151.85
Dogbo,6.8167,1.7833
Kladovo,44.6039,22.6072
Bangolo,7.0123,-7.4864
Knić,43.9167,20.7167
Resen,41.0893,21.0109
Bardaï,21.3533,17.0003
Lafayette,39.9946,-105.0998
Paulínia,-22.7611,-47.1542
Ituiutaba,-18.9667,-49.4667
Kimilili,0.7833,34.7167
Sarov,54.9333,43.3167
Shibata,37.9479,139.3273
Akşehir,38.3575,31.4164
Gießen,50.5833,8.6667
Avaré,-23.0989,-48.9258
Ocaña,8.2333,-73.35
Prijedor,44.9667,16.7
Kimje,35.8017,126.8889
Camiling,15.6867,120.4131
Wulan,36.5585,104.6765
Maratturai,11.1,79.65
Krishnagiri,12.5317,78.2174
Sambava,-14.2667,50.1667
Redwood City,37.5025,-122.2253
Hukou,24.9,121.05
La Louvière,50.4667,4.1833
Gobernador Gálvez,-33.0256,-60.6336
Sokcho,38.2069,128.5919
Turhal,40.39,36.09
Klin,56.3333,36.7333
Argao,9.8833,123.6
Camarillo,34.223,-119.0321
Bongabong,12.7469,121.4881
Ciudad Sandino,12.1667,-86.3553
Loveland,40.4166,-105.0623
Libon,13.3,123.4333
Gravesend,51.4415,0.3685
Landshut,48.5397,12.1508
Pattukkottai,10.43,79.32
Sangāreddi,17.6294,78.0917
Ede,52.05,5.6667
Tibati,6.4667,12.6333
Bāpatla,15.9044,80.4675
Kopargo,9.8375,1.5481
Sesvete,45.8269,16.1111
Walnut Creek,37.9024,-122.0399
Aqsū,52.0333,76.9167
Al Aḩmadī,29.0769,48.0838
Ixtlahuacán de los Membrillos,20.35,-103.1833
Xo‘jayli Shahri,42.4,59.45
Agoo,16.322,120.3647
Kerpen,50.8719,6.6961
Huquan,39.7603,114.2834
Glens Falls,43.3109,-73.6458
Bāqershahr,35.5325,51.4025
Maasin,5.8667,125.0
San Clemente,33.4499,-117.6102
Simav,39.0833,28.9833
Graaff-Reinet,-32.2522,24.5406
Kōshizuka,32.886,130.7897
Kolomyia,48.5167,25.0333
Caltanissetta,37.4903,14.0625
Ar Rastan,34.9167,36.7333
Djibo,14.1011,-1.6306
Barabai,-2.5833,115.3833
Autlán de Navarro,19.7667,-104.3667
Barneveld,52.1333,5.5833
San Marcos,8.6611,-75.1347
Agrigento,37.3167,13.5833
Masantol,14.9,120.7167
Wuyang,27.057,108.3959
Ma’erkang,31.9046,102.2167
Pradera,3.4167,-76.1667
Tiruvallūr,13.1231,79.912
Kędzierzyn-Koźle,50.35,18.2
Raxaul,26.9833,84.85
Tilakpur,28.5278,81.1189
Winneba,5.35,-0.625
Ambilobe,-13.2,49.05
Zile,40.3,35.8833
Barbalha,-7.305,-39.3019
Keighley,53.867,-1.911
Saruhanlı,38.7342,27.5658
Siena,43.3183,11.3314
Sultānganj,25.246,86.738
Sibonga,10.0333,123.5667
Guernica,-34.9167,-58.3833
Sagua la Grande,22.8086,-80.0711
Wolfenbüttel,52.1622,10.5369
Qabqa,36.2667,100.6167
Abdul Hakim,30.55,72.1328
Ānaiyūr,9.9615,78.1118
Rovigo,45.0809,11.794
Humaitá,-7.5061,-63.0208
Nazarovo,56.0,90.3833
Puławy,51.4167,21.9667
San Ignacio,-26.8867,-57.0283
Santa Lucía,21.0281,-75.9964
Grasse,43.6667,6.9167
Zongshizhuang,37.8615,115.0575
Vinzons,14.1739,122.9081
Ceres,37.5952,-120.962
Maţāy,28.4167,30.75
Ōamishirasato,35.5167,140.3167
Inhumas,-16.3578,-49.4958
Stillwater,36.1317,-97.0742
Penco,-36.7333,-72.9833
Landau,49.2,8.1167
Haeryong,34.9131,127.5394
Wangtan,39.2847,118.98
Lubny,50.0186,32.9869
Dhupgāri,26.6,89.02
Henrietta,43.0555,-77.6413
Albstadt,48.2119,9.0239
Kariya,34.7517,134.3931
Port Macquarie,-31.4333,152.9
Gaoua,10.3167,-3.1667
Yirga ‘Alem,6.75,38.4167
Nadym,65.5333,72.5167
Taketoyo,34.8511,136.9147
Albufeira,37.0897,-8.2458
Nilothi,28.8167,76.8667
Abqaiq,25.935,49.6661
Laurel,14.05,120.9
Raduzhnyy,62.1333,77.4667
Pirthīpur,25.1853,78.665
Kobayashi,31.9944,130.9517
Loufan,38.0694,111.7911
Sansanné-Mango,10.3556,0.4756
Cortlandt,41.2552,-73.9018
Aritao,16.2973,121.0338
Monterotondo,42.05,12.6167
Billerica,42.5587,-71.2673
Santa Maria da Vitória,-13.3978,-44.1978
Jayamkondacholapuram,11.2127,79.3637
Geel,51.1667,5.0
Niquero,20.0472,-77.5781
Lemgo,52.0272,8.9117
Partāpnagar,25.4145,87.0787
Pereslavl’-Zalesskiy,56.7381,38.8562
Leyte,11.3667,124.4833
Aracataca,10.5937,-74.1928
Oświęcim,50.0381,19.2214
Hurst,32.8353,-97.1809
Acevedo,1.8192,-75.8964
Veruela,8.0698,125.9554
Xonqa,41.4742,60.7822
Doğanşehir,38.0958,37.8792
Oraiókastro,40.7333,22.9167
São Mateus do Maranhão,-4.04,-44.47
Mira,45.4375,12.1329
Simão Dias,-10.7378,-37.8108
San Felipe Orizatlán,21.1719,-98.6064
Kamp-Lintfort,51.5,6.5333
Gampola,7.1647,80.5767
San Andres,13.3231,122.6761
Puri,-7.6833,15.6
Sārangpur,23.57,76.47
São Fidélis,-21.6458,-41.7469
Lebanon,36.204,-86.3481
Mieres,43.2508,-5.7767
Yongjing,23.9223,120.5356
Şuhut,38.5311,30.5458
Yasugichō,35.4283,133.2536
Santa Cruz Verapaz,15.3736,-90.4306
Emsdetten,52.1728,7.5344
Rende,39.3333,16.1833
Wokha,26.1,94.27
Matanog,7.4667,124.25
Ambohibary,-18.9,48.2333
Isumi,35.2539,140.3852
Randallstown,39.3723,-76.8024
Guamá Abajo,19.9758,-76.41
Pilar,-9.5972,-35.9567
Yecla,38.6167,-1.1167
Rūdarpur,26.4293,83.6104
Formigine,44.6072,10.9333
Anse-à-Veau,18.5167,-73.35
Yangquan,37.0749,111.5541
Barsinghausen,52.3,9.4811
Xincheng,38.2679,114.6832
Toda Bhīm,26.9167,76.8167
Gyapekurom,7.5833,-2.7833
Dimona,31.0667,35.0333
Dīvāndarreh,35.9139,47.0239
Tiruchendūr,8.4946,78.1219
Fatehpur Sīkri,27.0911,77.6611
Darsi,15.7667,79.6833
Kos,36.85,27.2333
Tavda,58.05,65.2667
Djenné,13.9,-4.55
Massafra,40.5833,17.1167
Teykovo,56.8547,40.5411
Kuji,40.1905,141.7757
Redan,33.7394,-84.1644
Lugo,44.4167,11.9167
Landecy,46.1834,6.1166
North Olmsted,41.4149,-81.919
Kangasala,61.4639,24.065
Yaguarón,-25.5621,-57.284
Itampolo,-24.6833,43.95
Dreux,48.7372,1.3664
Avola,36.9167,15.1333
Kotovsk,52.5833,41.5167
Kreuztal,50.9667,7.9667
Marks,51.7167,46.75
Guamo,4.0833,-74.9167
Culleredo,43.2883,-8.3894
Chitral,35.8511,71.7889
Chagne,10.95,36.5
Mossendjo,-2.95,12.7333
Laranjeiras do Sul,-25.4078,-52.4158
Rio Branco do Sul,-25.19,-49.3139
North Tonawanda,43.0457,-78.8659
Maguing,7.9,124.4
Al Madad,13.7167,44.7333
Friedberg,50.3333,8.75
Tizi Gheniff,36.5891,3.7678
San Roque,12.533,124.867
Bourgoin-Jallieu,45.5861,5.2736
San Jacinto,12.5683,123.7336
Purificación,3.8667,-74.9333
Labasa,-16.4311,179.3703
Kottakota,13.6573,78.2625
Texarkana,33.436,-93.9959
Schererville,41.4861,-87.4442
Bühl,48.6953,8.135
Kakiri,0.42,32.39
Babatngon,11.4207,124.8434
Mabini,9.865,124.523
Asago,35.3333,134.85
San Salvador,20.2833,-99.0153
Gyöngyös,47.7833,19.9333
Naranjal,-2.6728,-79.615
Tsushima,34.2,129.2833
Pershotravensk,48.3464,36.4044
Grimma,51.2386,12.7253
Qujingpu,38.0814,106.0489
Peniche,39.35,-9.3667
Anajás,-0.9869,-49.94
Mateus Leme,-19.9858,-44.4278
Salinas Victoria,25.9667,-100.3
Limoeiro do Ajuru,-1.895,-49.3808
Miramas,43.5822,5.0019
Corralillo,22.9856,-80.5831
Abarkūh,31.1267,53.2592
Oak Forest,41.6054,-87.7527
Haqqulobod,40.9061,72.1194
Bhuban,20.882,85.8333
Nelliyalam,11.5255,76.3589
Joaçaba,-27.1778,-51.505
Blagnac,43.6364,1.3906
Holbrook,40.7944,-73.07
Cândido Sales,-15.505,-41.2389
Ōtake,34.2333,132.2167
South Windsor,41.8353,-72.5733
Cuajinicuilapa,16.4717,-98.4153
Windsor,38.5422,-122.8089
Ubaidullāhganj,22.9983,77.5862
Walpole,42.1464,-71.2555
Sora,41.7167,13.6167
Dongfeng,22.2479,112.3794
Tholen,51.5333,4.2
San Sebastián Coatán,15.7333,-91.5667
Santo Antônio do Monte,-20.0869,-45.2939
San Martín,3.6944,-73.6936
Harsewinkel,51.9667,8.2331
Jaruco,23.0428,-82.0094
Kamonkoli,1.075,34.0956
Independência,-5.3958,-40.3089
Saidpur,25.55,83.18
Ban Khamen,13.8823,100.2879
Dhing,26.4679,92.4734
Anajatuba,-3.2639,-44.62
Edwardsville,38.7922,-89.9874
Watertown,43.9734,-75.9094
Ādīs Zemen,12.1167,37.7833
Turnu Măgurele,43.7517,24.8708
Santa Gertrudes,-22.4569,-47.53
Francisco Sá,-16.4102,-43.495
Pindwāra,24.7945,73.055
Raisio,60.4858,22.1692
Monte Cristi,19.8667,-71.65
Shama,5.0167,-1.6333
Kauswagan,8.1917,124.0847
Waldshut-Tiengen,47.6231,8.2144
Fish Hawk,27.8511,-82.2164
Sendamangalam,11.2825,78.2339
Douar ’Ayn Dfali,33.95,-4.45
Haren,52.7667,7.2167
Bulusan,12.7522,124.1356
Sonneberg,50.35,11.1667
Ponda,15.4034,74.0152
Kingston,41.9295,-73.9968
Ikeda,35.4423,136.573
Berehove,48.2025,22.6375
Qifţ,25.9956,32.8158
Soledad Atzompa,18.755,-97.1522
Leutkirch im Allgäu,47.8256,10.0222
San Ignacio de Velasco,-16.3667,-60.95
Senden,48.3167,10.0667
Santa Helena,-24.86,-54.3328
Salcajá,14.8833,-91.45
Moirāng,24.349,93.691
Farmington,44.6572,-93.1687
Gormi,26.6003,78.5119
Tashtagol,52.7667,87.8667
Gardner,38.8122,-94.9275
Araçariguama,-23.4386,-47.0614
Pointe à Raquettes,18.7833,-73.0667
Buriti Bravo,-5.8369,-43.8339
Shaomi,26.4727,104.8126
Kigumba,1.815,32.01
Timmāpur,19.0484,78.6414
Lochristi,51.1,3.8333
Burg,52.2725,11.855
Caravelas,-17.7319,-39.2658
Ấp Phú Mỹ,9.75,106.0
Gubbi,13.3122,76.941
Morinda,30.79,76.5
Lyndhurst,40.7965,-74.1099
Itigi,-5.7,34.4833
Laventille,10.65,-61.4833
Nirmāli,26.314,86.5854
Horizon City,31.6799,-106.1903
Manakambahiny,-17.8,48.3333
Amposta,40.7106,0.5808
Almoradí,38.1097,-0.7894
Ramona,33.0474,-116.8766
Etajima,34.2167,132.45
Kami,38.5718,140.8548
Gīnīr,7.1333,40.7
Galeras,9.1667,-75.05
Barro,-7.1769,-38.7819
Juli,-16.2125,-69.4603
Secaucus,40.781,-74.0659
Paradise,47.5333,-52.8667
Akonolinga,3.7667,12.25
Selden,40.8714,-73.0466
Varkaus,62.3167,27.8917
Schifferstadt,49.3833,8.3667
Toguchin,55.2333,84.4167
Luckenwalde,52.0833,13.1667
Ripley,53.05,-1.407
São Vicente Ferrer,-2.8939,-44.88
Makakilo,21.3591,-158.0813
Dharmkot,30.9456,75.2324
Arroyo Seco,-33.1667,-60.5
Senapparetti,10.9625,78.1132
Rhenen,51.9667,5.5667
Korntal-Münchingen,48.8306,9.1214
Harmanli,41.9333,25.9
Tyrnyauz,43.4,42.9167
Montalto Uffugo,39.4,16.15
Essex,42.0833,-82.9
Danao,10.0167,124.2667
Abhayāpuri,26.3225,90.6853
East Northport,40.8791,-73.3233
Boromo,11.75,-2.9333
Bothell West,47.8056,-122.2401
Dagohoy,9.9167,124.2833
Callosa de Segura,38.1225,-0.8797
Puerto Leguízamo,-0.1939,-74.7806
Ennigerloh,51.8367,8.0256
Ennis,32.3254,-96.6347
Prunedale,36.8064,-121.6555
Piratini,-31.4478,-53.1039
Sélestat,48.2594,7.4542
Taketa,32.9667,131.4
Someren,51.3833,5.7167
Alzey,49.7458,8.1153
El Arahal,37.2667,-5.55
Aradíppou,34.9478,33.5881
Alcoy,9.7082,123.506
Fécamp,49.7575,0.3792
Kamiichi,36.6984,137.3624
Lexington,35.8018,-80.2682
Qandala,11.4711,49.8739
Kabūdarāhang,35.2083,48.7239
Forio,40.7333,13.85
El Rosal,4.8519,-74.2628
Ambodinonoka,-20.9833,47.8833
Pinole,37.9931,-122.2833
Oirschot,51.5,5.3
Sebaste,11.5901,122.0945
Gautier,30.4106,-88.6568
Nelidovo,56.2167,32.8
Monor,47.3475,19.4489
Santa Fe Springs,33.9329,-118.0625
Goyty,43.1642,45.6228
Inhapi,-9.2189,-37.7539
Baliangao,8.6667,123.6
Shaogang,38.1584,106.0661
Cariús,-6.5369,-39.4969
Oskū,37.9108,46.1264
San Vicente Pacaya,14.4161,-90.6392
São José da Coroa Grande,-8.8978,-35.1478
L’Isle-d’Abeau,45.6194,5.2331
Großenhain,51.2833,13.55
Oyama,35.3601,138.9873
Isfana,39.8389,69.5275
San Jose,12.531,124.487
Pānchgrām,24.1996,88.0077
St. Michael,45.2014,-93.692
Matigou,37.6043,109.9024
Villanueva del Pardillo,40.4833,-3.9667
Ambovombe Afovoany,-20.7667,47.0833
Odaipatti,9.8323,77.4433
Golitsyno,55.6147,36.9872
North Aurora,41.8086,-88.3414
Cesson-Sévigné,48.1208,-1.6036
Esperanza,11.7369,124.0417
Laatatra,32.6315,-8.4148
Salmon Arm,50.7022,-119.2722
Schijndel,51.6167,5.4333
Sìnnai,39.3026,9.2031
Pataskala,40.011,-82.7155
Derhachi,50.1114,36.1219
Dharmāpuri,18.9475,79.094
Concorezzo,45.5897,9.3359
Mujikharf,38.85,69.8833
Beaumont,53.3572,-113.4147
Pital,10.6024,-84.2474
Handlová,48.7272,18.7619
Peçanha,-18.5489,-42.5569
Minakami,36.6786,138.9991
Barrington,41.7443,-71.3145
El Reno,35.5429,-97.966
Gurh,24.5026,81.5004
Knemis Dades,31.309,-6.028
Los Lunas,34.8115,-106.7803
San Miguelito,11.4025,-84.9003
Isoanala,-23.8333,45.7167
Aklanpa,8.1684,2.232
Vatutine,49.0167,31.0667
Farmingville,40.839,-73.0404
Boden,65.8256,21.6906
Fuying,40.8754,117.6978
Kauhava,63.1,23.0667
Ayyampālaiyam,10.2253,77.7485
Zirara,32.35,-8.5333
Rājāsūr,17.86,76.95
Ad Dīs,14.91,49.992
Beaver Dam,43.4688,-88.8309
Palanisettipatti,9.9998,77.4641
Longchang,27.6627,105.7881
Chittūr,11.647,77.8239
Dyer,41.4977,-87.509
Bassum,52.8494,8.7267
Dieburg,49.9,8.85
Walldorf,49.3,8.65
Sadhoa,25.4049,87.198
Yaojia,28.4547,109.1831
Fenoarivo,-20.8667,46.8833
Finsterwalde,51.6282,13.7102
Frankfort,40.281,-86.5212
Bad Bentheim,52.3031,7.1597
Ambalatany,-22.5333,47.6
Antindra,-14.1333,49.8167
Bracebridge,45.0333,-79.3
Puliyūr,10.9499,78.1453
Lidzbark Warmiński,54.1167,20.5833
San Bartolomé Jocotenango,15.1928,-91.0775
Fort Mohave,35.0004,-114.5748
Ibateguara,-8.9728,-35.9389
Ovruch,51.3244,28.8081
Santa Cecília,-26.9608,-50.4269
Mount Clemens,42.5977,-82.8821
Einsiedeln,47.1167,8.7333
Valeggio sul Mincio,45.35,10.7333
Baia-Sprie,47.6592,23.7042
Ban Pang Mu,19.3336,97.9656
Monroe,39.4461,-84.3667
Rellingen,53.65,9.8167
Horsham,-36.7167,142.2
Outreau,50.7039,1.5939
Schroeder,-26.4128,-49.0728
Rochedale,-27.6,153.133
San Luis del Palmar,-27.5167,-58.5667
Belokurikha,51.9833,84.9833
Pāli,26.0576,86.3097
Paralímni,35.0333,33.9833
Belchertown,42.2788,-72.4004
Kurumbalūr,11.236,78.8005
Gardabani,41.45,45.1
Rāmechhāp,27.326,86.087
Vohilava,-20.7,48.35
Alexándreia,40.6333,22.45
Hereford,34.8225,-102.4001
Penrith,-33.7511,150.6942
Tabant,31.6581,-6.42
Raynham,41.9312,-71.0437
Shuichecun,24.09,116.0174
Bhalil,33.85,-4.8667
Rotenburg an der Fulda,50.9961,9.7278
Comox,49.6733,-124.9022
Andorinha,-10.345,-39.8328
Harhorin,47.1972,102.8239
Orbetello,42.4394,11.2125
Wschowa,51.8,16.3167
Hammonton,39.6572,-74.7678
Bicas,-21.725,-43.0589
Markdorf,47.7208,9.3917
Oschatz,51.3003,13.1072
Mocha,13.3203,43.25
Corinth,34.9474,-88.5143
Eching,48.3,11.6167
Bokod,16.4914,120.83
Pueblo Rico,5.25,-76.1667
Ascensión,-15.6996,-63.08
Ayni,38.6667,68.8167
Furukawamen,33.2384,129.6504
Ishikawa,37.1571,140.4468
Rezzato,45.515,10.3175
Bedford,42.4969,-71.2783
Beloeil,50.5333,3.7167
Brasilândia,-17.01,-46.0089
Medapādu,17.0044,82.1001
Jefferson Valley-Yorktown,41.318,-73.8008
San José Acatempa,14.2667,-90.1333
Kaluvāya,14.5117,79.4101
Gouveia,40.5,-7.6
Mór,47.3717,18.2086
Skoczów,49.8006,18.7883
Poço Branco,-5.6228,-35.6628
Dhutauli,25.5274,86.625
Fagnano Olona,45.6667,8.8667
Barghāt,22.0306,79.7328
Douar Lehgagcha,32.55,-8.7167
Wayland,42.3586,-71.3594
Alagoinha,-8.4658,-36.7758
Carmópolis,-10.6478,-36.9889
Chandla,25.0715,80.1929
Kotgīr,18.5722,77.8243
Nules,39.8525,-0.1506
Lakeland,35.2585,-89.7308
Itapagipe,-19.9089,-49.3808
Hösbach,50.0,9.2
Udayagiri,20.1242,84.3687
Santaquin,39.9708,-111.7941
Ouargaye,11.5,0.05
Bhankarpur,30.65,76.82
Matias Barbosa,-21.8689,-43.3189
Seabrook,29.5751,-95.0235
Hockessin,39.7837,-75.6815
Akhty,41.4647,47.74
Pomfret,42.4029,-79.3534
Santa Marcela,18.2872,121.4375
Yakage,34.6275,133.5872
Baş Göynük,41.3228,47.1133
Glendale,43.1287,-87.9277
Kamianka,49.0333,32.1
Ajijic,20.3,-103.2833
Castelnuovo di Verona,45.4333,10.7667
Marojala,-14.4833,50.0333
Bagadó,5.4167,-76.4167
Kumarkhāli,22.3598,88.799
Ganapavaram,15.9232,80.5856
Ambodiampana,-14.5333,49.8667
Bagaura,26.0388,84.4624
Mandritsara,-19.55,47.05
Wächtersbach,50.2547,9.2919
Mangindrano,-14.2833,48.9667
Bejofo,-17.8333,48.2333
Nagar,24.0914,87.9888
Sante Bennūr,14.1697,76.0033
Hāthidāh Buzurg,25.3716,85.9857
Tomar do Geru,-11.3728,-37.8408
Lynnfield,42.5356,-71.0382
Chino Valley,34.7594,-112.412
Salobreña,36.7467,-3.5869
Kortemark,51.0286,3.0444
Fontanafredda,45.9667,12.5667
Suamico,44.6354,-88.0683
Isāpur,25.4122,86.9893
Mountain Home,36.3351,-92.384
Beaconsfield,51.6009,-0.6347
Concepción Las Minas,14.5167,-89.45
El Adjiba,36.3333,4.15
Goldenrod,28.6114,-81.2916
Yuzha,56.5833,42.0333
Neuenburg am Rhein,47.8147,7.5619
Tezoatlán de Segura y Luna,17.65,-97.8167
Kamin-Kashyrskyi,51.6242,24.9606
North Smithfield,41.9727,-71.5514
Sylacauga,33.178,-86.2605
Los Bellosos,19.8333,-71.0167
Ban Bang Yai,13.8369,100.3591
Profondeville,50.3769,4.87
Obikiik,38.1586,68.6722
Budakalász,47.6215,19.046
Huntington,53.9926,-1.043
G’oliblar Qishlog’i,40.4953,67.8778
Foča,43.5,18.7833
Lake City,30.1901,-82.6471
Gandara West,5.95,80.55
Teus,25.2493,85.7141
Belén,-27.65,-67.0333
Aleksandrovsk,59.1667,57.6
Rovinari,44.9125,23.1622
Highlands,41.3601,-74.0084
Antanamalaza,-19.4,47.6333
Wyndham,37.6924,-77.6123
Ichinomiya,35.3667,140.3667
Caimito,8.8333,-75.1667
Baxiangshan,23.763,115.9626
Ronneby,56.2,15.2833
Ghal Kalān,30.8189,75.1063
Maliāl,18.7,78.9667
Beauharnois,45.32,-73.87
Ullūr,10.9706,79.4063
Raghunāthpur,26.6418,84.8938
Kunkalagunta,16.2969,79.8866
Salem,40.9049,-80.8492
Carleton Place,45.1333,-76.1333
Kabīrpur,26.2661,84.205
Kuruman,-27.4597,23.4125
Olivença,-9.5186,-37.1906
Raghunāthpur,26.3448,84.9211
Jagannāthpur,25.6573,87.5886
Picayune,30.5322,-89.6724
Puente Nacional,5.8833,-73.6833
Missões,-14.8839,-44.0908
Durbuy,50.3522,5.4563
Mena,51.5167,32.2167
Tāzhakudi,8.2348,77.4533
Hallbergmoos,48.3333,11.75
Okpo,18.1167,95.6667
Gravelines,50.9864,2.1275
Svidník,49.3056,21.5678
Simri,26.3825,86.1705
Luathaha,26.6316,84.9079
Rheinau,48.6678,7.9347
Chorrochó,-8.98,-39.0939
Divinolândia,-21.6614,-46.7392
Bom Retiro do Sul,-29.6089,-51.9428
Retie,51.2667,5.0667
Pātrasāer,23.1968,87.5272
San José de Guaribe,9.793,-65.8418
Sào Amaro das Brotas,-10.7889,-37.0539
Hillsborough,37.5572,-122.3586
Ravenna,41.1612,-81.2422
Touama,31.5339,-7.4872
Kasba,25.5856,88.1122
Svitlodarsk,48.4358,38.2164
Derbisek,41.5608,69.3378
Capilla del Monte,-30.85,-64.5167
Saddlebrooke,32.5576,-110.874
Kāza,16.3887,80.5412
Ocean City,39.2681,-74.602
Katālpur,26.2255,84.7608
Mangalmé,12.3547,19.6139
Bairiyā,26.3392,84.8236
Clayton,37.9404,-121.9301
Aydıncık,36.1417,33.3178
Veselí nad Moravou,48.9536,17.3765
Khokri Kalān,30.8456,75.3307
Manambolosy,-16.0333,49.6667
Ponte Serrada,-26.8719,-52.0158
Koronowo,53.3167,17.9333
Springdale,39.2909,-84.476
Kalanivāsal,10.07,78.78
Wanderlândia,-6.8489,-47.9628
Cáchira,7.75,-73.1667
Linganore,39.4127,-77.3014
Mae Wang,18.6567,98.6816
Gudlavalleru,16.35,81.05
Nova Vodolaha,49.7197,35.8772
Humlebæk,55.9611,12.525
Yedrāmi,16.8667,76.5333
Pocono,41.0612,-75.3102
São Tomé,-5.9728,-36.075
Ousseltia,35.84,9.58
Wittelsheim,47.8053,7.2375
Itatuba,-7.375,-35.6278
Wellington,40.7,-105.0054
Hasanpura,26.0751,84.3618
Presidente Vargas,-3.4069,-44.0239
Sukhsena,25.6881,87.1194
Kollankulam,8.7964,77.5681
Lohariandava,-18.7833,48.675
Lonkly,7.1333,1.6833
Corocoro,-17.1667,-68.45
Grevesmühlen,53.8667,11.1667
Motibennur,14.715,75.48
Pinto,-36.7,-71.9
Korosavāda,18.7256,84.0573
Rāmpur,25.1826,86.1465
Gonghaur,26.4346,86.216
Blandford Forum,50.856,-2.165
Sotkamo,64.1333,28.3833
Sādiqpur Maraul,25.9966,85.5777
Fuveau,43.4522,5.5617
Rāmpur Khajuriyā,26.3923,84.7688
Frouzins,43.5161,1.3247
Brikama Ba,13.5333,-14.9333
Flat Rock,42.0991,-83.2716
Brumath,48.7319,7.7083
Belaya Kholunitsa,58.85,50.8667
Puerto Quijarro,-17.7796,-57.77
Pedda Kotayalanka,16.1567,80.8314
Kondakindi Agrahāram,14.679,77.7401
Portage,43.5489,-89.4658
Rouvroy,50.3936,2.9039
Welkenraedt,50.6606,5.9714
Chākicherla,15.1127,80.0366
Lontras,-27.1658,-49.5419
Caetanópolis,-19.295,-44.4189
Amparihitsokatra,-17.5167,48.5667
Karajgi,14.8641,75.4535
Nishi,32.2011,130.8411
Velpūru,16.1775,80.7425
Potosí,0.8081,-77.5728
Cetraro,39.5,15.95
Tocina,37.6,-5.7333
Granada,6.147,-75.188
Byarozawka,53.7167,25.5
Wald,47.2753,8.9144
Kumçatı,37.471,42.317
North Glengarry,45.3333,-74.7333
Sakuho,36.161,138.4834
Chilakhāna,26.299,89.5892
Kosh-Agach,49.9927,88.676
Tiruvambalapuram,8.2514,77.7752
Punjai Lakkāpuram,11.305,77.7554
Fredonia,42.4407,-79.3319
Ghadāmis,30.1333,9.5
Heilsbronn,49.3167,10.8
Wāngjing,24.3862,93.8604
Terra de Areia,-29.585,-50.0708
Katahra,26.2235,87.0643
Juru,-7.5369,-37.8189
La Grange,38.3987,-85.375
Bockenem,52.0117,10.1319
Hornsby Bend,30.2388,-97.5899
Independence,44.8547,-123.1952
Pulivalam,10.7525,79.6352
Dattapāra,22.8491,88.9023
Jambukuttaippatti,12.3246,78.3443
Nordwalde,52.0833,7.4833
Puerto Nariño,-3.7733,-70.3819
Yalagüina,13.4858,-86.4917
Bni Boufrah,35.1,-4.3167
Maserada sul Piave,45.75,12.3167
Alfred and Plantagenet,45.5667,-74.9167
Barpathār,26.2871,93.8884
Canonsburg,40.2643,-80.1867
Sierning,48.0447,14.31
Irthlingborough,52.324,-0.614
Rodeo,38.0367,-122.2526
Parempuyre,44.9492,-0.605
Eurajoki,61.2,21.7333
Monett,36.9218,-93.9278
Gaggiano,45.4048,9.0349
Vallendar,50.3971,7.622
Shira,54.4939,89.9628
’s-Gravendeel,51.7833,4.6167
Havre,48.5427,-109.6804
Porcari,43.8415,10.6163
Ifigha,36.6667,4.4167
Richterich,50.8086,6.0625
Nārsingi,18.0446,78.4254
Belousovo,55.0833,36.6667
Terra Nova,-8.23,-39.3758
Antônio Dias,-19.6528,-42.8719
Chotěboř,49.7208,15.6703
Kalanchak,46.2581,33.2843
Saint-Philbert-de-Grand-Lieu,47.035,-1.64
Sholaqqorghan,43.765,69.1758
Nettādahalli,12.133,78.0671
Willowbrook,41.7641,-87.9454
Kandanāti,15.6997,77.4757
Chadan,51.2833,91.5833
Oak Hills,34.391,-117.4123
Kharovsk,59.95,40.2
Shar,49.5858,81.0478
Nierstein,49.8694,8.3375
Saint-Jean-d’Illac,44.8097,-0.7836
Delta,38.756,-108.0772
Puerto Octay,-40.9667,-72.9
Cameron,39.7444,-94.2329
Ulātu,23.2766,85.5012
Hampstead,42.8821,-71.171
San Sebastian,11.7,125.0167
Camenca,48.0167,28.7167
Santa María Xadani,16.3667,-95.0167
Oak Grove,45.3409,-93.3264
Jolfā,38.9308,45.6383
Gulf Hills,30.4367,-88.815
Tsallagundla,16.3522,79.9619
Nūlvi,15.2728,75.1673
Höshööt,48.9408,89.1383
San Isidro,9.9369,126.0886
Tibro,58.4167,14.1667
Hollymead,38.1266,-78.4386
Goundam,16.4144,-3.6708
Wharton,29.3177,-96.1022
Lanco,-39.45,-72.7833
Namsos,64.4656,11.4978
Kieta,-6.2158,155.6328
Chepes,-31.35,-66.6
Victorica,-36.2167,-65.45
Charleville,-26.4016,146.2383
Baures,-13.6556,-63.6958
Iracoubo,5.4804,-53.22
Gingin,-31.34,115.91
Isemi-Ile,7.97,3.59
Punta Prieta,28.9289,-114.1556
Ţālkhvoncheh,32.2631,51.5622
Ambatolahy,-22.5333,46.0
Birni Lafia,11.9783,3.2225
San Fernando,9.2797,-74.5339
Avsallar,36.5833,31.8833
Douar Oulad Bouziane,34.2083,-5.0522
Rancho Mission Viejo,33.514,-117.5618
Kharsāwān,22.7909,85.831
Anjialava,-14.0667,49.7333
Nanmucun,25.1619,114.5559
Upper Leacock,40.0801,-76.1854
Upper Makefield,40.2941,-74.925
East Donegal,40.0823,-76.5631
San Matías,-16.3611,-58.4053
Palana,59.084,159.95
Taedong,40.6171,125.4501
Quilpie,-26.6161,144.2675
Gyda,70.8814,78.4661
Zvëzdnyy,70.9333,-179.6
